<?xml version="1.0" encoding="UTF-8"?>
<project-private xmlns="http://www.netbeans.org/ns/project-private/1">
    <editor-bookmarks xmlns="http://www.netbeans.org/ns/editor-bookmarks/2" lastBookmarkId="0"/>
    <open-files xmlns="http://www.netbeans.org/ns/projectui-open-files/2">
        <group>
            <file>file:/D:/collage/SEM_7/AJ/cookiewithjsp/src/java/GetCookieServlet.java</file>
            <file>file:/D:/collage/SEM_7/AJ/cookiewithjsp/src/java/SetCookieServlet.java</file>
            <file>file:/D:/collage/SEM_7/AJ/cookiewithjsp/web/index.jsp</file>
            <file>file:/D:/collage/SEM_7/AJ/cookiewithjsp/src/java/DeleteCookieServlet.java</file>
            <file>file:/D:/collage/SEM_7/AJ/cookiewithjsp/web/index.html</file>
        </group>
    </open-files>
</project-private>
